{"data_time": 0.23884318699856522, "eta_seconds": 68942.29794408027, "fast_rcnn/cls_accuracy": 1.0, "iteration": 19, "loss_box_reg": 0.0, "loss_cls": 0.01597524108365178, "loss_rpn_cls": 0.0018033154192380607, "loss_rpn_loc": 0.0, "lr": 0.0019080999999999998, "rank_data_time": 0.23884318699856522, "roi_head/num_bg_samples": 256.0, "roi_head/num_fg_samples": 0.0, "rpn/num_neg_anchors": 256.0, "rpn/num_pos_anchors": 0.0, "time": 34.81934239600014, "total_loss": 0.02086027292534709}
{"data_time": 0.22720562500035157, "eta_seconds": 63481.18245518592, "fast_rcnn/cls_accuracy": 1.0, "iteration": 39, "loss_box_reg": 0.0, "loss_cls": 0.0, "loss_rpn_cls": 1.1081807315349579e-05, "loss_rpn_loc": 0.0, "lr": 0.0039060999999999996, "rank_data_time": 0.22720562500035157, "roi_head/num_bg_samples": 256.0, "roi_head/num_fg_samples": 0.0, "rpn/num_neg_anchors": 256.0, "rpn/num_pos_anchors": 0.0, "time": 31.436878250497102, "total_loss": 1.1081807315349579e-05}
{"data_time": 0.22063600000183214, "eta_seconds": 64225.4368655118, "fast_rcnn/cls_accuracy": 1.0, "iteration": 59, "loss_box_reg": 0.0, "loss_cls": 0.0, "loss_rpn_cls": 8.975621312856674e-07, "loss_rpn_loc": 0.0, "lr": 0.0059041, "rank_data_time": 0.22063600000183214, "roi_head/num_bg_samples": 256.0, "roi_head/num_fg_samples": 0.0, "rpn/num_neg_anchors": 256.0, "rpn/num_pos_anchors": 0.0, "time": 33.80584070799887, "total_loss": 8.975621312856674e-07}
{"data_time": 0.23132233350042952, "eta_seconds": 63563.31895968178, "fast_rcnn/cls_accuracy": 1.0, "iteration": 79, "loss_box_reg": 0.0, "loss_cls": 0.0, "loss_rpn_cls": 4.2351894080638885e-07, "loss_rpn_loc": 0.0, "lr": 0.0079021, "rank_data_time": 0.23132233350042952, "roi_head/num_bg_samples": 256.0, "roi_head/num_fg_samples": 0.0, "rpn/num_neg_anchors": 256.0, "rpn/num_pos_anchors": 0.0, "time": 33.95317779200195, "total_loss": 4.2351894080638885e-07}
{"data_time": 0.23910514549788786, "eta_seconds": 61802.8427211535, "fast_rcnn/cls_accuracy": 1.0, "iteration": 99, "loss_box_reg": 0.0, "loss_cls": 0.0, "loss_rpn_cls": 4.149042069911957e-07, "loss_rpn_loc": 0.0, "lr": 0.0099001, "rank_data_time": 0.23910514549788786, "roi_head/num_bg_samples": 256.0, "roi_head/num_fg_samples": 0.0, "rpn/num_neg_anchors": 256.0, "rpn/num_pos_anchors": 0.0, "time": 32.186833541498345, "total_loss": 4.149042069911957e-07}
{"data_time": 0.2415606034992379, "eta_seconds": 60672.09578500275, "fast_rcnn/cls_accuracy": 1.0, "iteration": 119, "loss_box_reg": 0.0, "loss_cls": 0.0, "loss_rpn_cls": 2.975575625896454e-07, "loss_rpn_loc": 0.0, "lr": 0.01, "rank_data_time": 0.2415606034992379, "roi_head/num_bg_samples": 256.0, "roi_head/num_fg_samples": 0.0, "rpn/num_neg_anchors": 256.0, "rpn/num_pos_anchors": 0.0, "time": 31.189018417000625, "total_loss": 2.975575625896454e-07}
{"data_time": 0.2367168339987984, "eta_seconds": 60026.64795750272, "fast_rcnn/cls_accuracy": 1.0, "iteration": 139, "loss_box_reg": 0.0, "loss_cls": 0.0, "loss_rpn_cls": 3.3294782042503357e-07, "loss_rpn_loc": 0.0, "lr": 0.01, "rank_data_time": 0.2367168339987984, "roi_head/num_bg_samples": 256.0, "roi_head/num_fg_samples": 0.0, "rpn/num_neg_anchors": 256.0, "rpn/num_pos_anchors": 0.0, "time": 32.05512185400221, "total_loss": 3.3294782042503357e-07}
{"data_time": 0.2395005830003356, "eta_seconds": 59851.17400364339, "fast_rcnn/cls_accuracy": 1.0, "iteration": 159, "loss_box_reg": 0.0, "loss_cls": 0.0, "loss_rpn_cls": 2.561137080192566e-07, "loss_rpn_loc": 0.0, "lr": 0.01, "rank_data_time": 0.2395005830003356, "roi_head/num_bg_samples": 256.0, "roi_head/num_fg_samples": 0.0, "rpn/num_neg_anchors": 256.0, "rpn/num_pos_anchors": 0.0, "time": 33.41724489600165, "total_loss": 2.561137080192566e-07}
{"data_time": 0.23912581249896903, "eta_seconds": 59590.70219375055, "fast_rcnn/cls_accuracy": 1.0, "iteration": 179, "loss_box_reg": 0.0, "loss_cls": 0.0, "loss_rpn_cls": 3.110617399215698e-07, "loss_rpn_loc": 0.0, "lr": 0.01, "rank_data_time": 0.23912581249896903, "roi_head/num_bg_samples": 256.0, "roi_head/num_fg_samples": 0.0, "rpn/num_neg_anchors": 256.0, "rpn/num_pos_anchors": 0.0, "time": 34.265378896001494, "total_loss": 3.110617399215698e-07}
{"data_time": 0.22239372900003218, "eta_seconds": 58333.208137202746, "fast_rcnn/cls_accuracy": 1.0, "iteration": 199, "loss_box_reg": 0.0, "loss_cls": 0.0, "loss_rpn_cls": 2.7241185307502747e-07, "loss_rpn_loc": 0.0, "lr": 0.01, "rank_data_time": 0.22239372900003218, "roi_head/num_bg_samples": 256.0, "roi_head/num_fg_samples": 0.0, "rpn/num_neg_anchors": 256.0, "rpn/num_pos_anchors": 0.0, "time": 30.680694437000056, "total_loss": 2.7241185307502747e-07}
{"data_time": 0.2325837499993213, "eta_seconds": 58008.193308992486, "fast_rcnn/cls_accuracy": 1.0, "iteration": 219, "loss_box_reg": 0.0, "loss_cls": 0.0, "loss_rpn_cls": 3.0640512704849243e-07, "loss_rpn_loc": 0.0, "lr": 0.01, "rank_data_time": 0.2325837499993213, "roi_head/num_bg_samples": 256.0, "roi_head/num_fg_samples": 0.0, "rpn/num_neg_anchors": 256.0, "rpn/num_pos_anchors": 0.0, "time": 33.61330641650056, "total_loss": 3.0640512704849243e-07}
{"data_time": 0.21970058300212258, "eta_seconds": 57692.75413000083, "fast_rcnn/cls_accuracy": 1.0, "iteration": 239, "loss_box_reg": 0.0, "loss_cls": 0.0, "loss_rpn_cls": 3.1478703022003174e-07, "loss_rpn_loc": 0.0, "lr": 0.01, "rank_data_time": 0.21970058300212258, "roi_head/num_bg_samples": 256.0, "roi_head/num_fg_samples": 0.0, "rpn/num_neg_anchors": 256.0, "rpn/num_pos_anchors": 0.0, "time": 37.36605595849687, "total_loss": 3.1478703022003174e-07}
{"data_time": 0.22037099949739059, "eta_seconds": 57727.34145567483, "fast_rcnn/cls_accuracy": 1.0, "iteration": 259, "loss_box_reg": 0.0, "loss_cls": 0.0, "loss_rpn_cls": 2.621673047542572e-07, "loss_rpn_loc": 0.0, "lr": 0.01, "rank_data_time": 0.22037099949739059, "roi_head/num_bg_samples": 256.0, "roi_head/num_fg_samples": 0.0, "rpn/num_neg_anchors": 256.0, "rpn/num_pos_anchors": 0.0, "time": 36.171371541502594, "total_loss": 2.621673047542572e-07}
{"data_time": 0.21192756250093225, "eta_seconds": 57642.724352760415, "fast_rcnn/cls_accuracy": 1.0, "iteration": 279, "loss_box_reg": 0.0, "loss_cls": 0.0, "loss_rpn_cls": 2.942979335784912e-07, "loss_rpn_loc": 0.0, "lr": 0.01, "rank_data_time": 0.21192756250093225, "roi_head/num_bg_samples": 256.0, "roi_head/num_fg_samples": 0.0, "rpn/num_neg_anchors": 256.0, "rpn/num_pos_anchors": 0.0, "time": 38.509747604497534, "total_loss": 2.942979335784912e-07}
{"data_time": 0.2299201659989194, "eta_seconds": 56992.76442054652, "fast_rcnn/cls_accuracy": 1.0, "iteration": 299, "loss_box_reg": 0.0, "loss_cls": 0.0, "loss_rpn_cls": 2.654269337654114e-07, "loss_rpn_loc": 0.0, "lr": 0.01, "rank_data_time": 0.2299201659989194, "roi_head/num_bg_samples": 256.0, "roi_head/num_fg_samples": 0.0, "rpn/num_neg_anchors": 256.0, "rpn/num_pos_anchors": 0.0, "time": 33.60858575000384, "total_loss": 2.654269337654114e-07}
{"data_time": 0.2232106664996536, "eta_seconds": 56322.26130971656, "fast_rcnn/cls_accuracy": 1.0, "iteration": 319, "loss_box_reg": 0.0, "loss_cls": 0.0, "loss_rpn_cls": 2.6170164346694946e-07, "loss_rpn_loc": 0.0, "lr": 0.01, "rank_data_time": 0.2232106664996536, "roi_head/num_bg_samples": 256.0, "roi_head/num_fg_samples": 0.0, "rpn/num_neg_anchors": 256.0, "rpn/num_pos_anchors": 0.0, "time": 34.03568654200353, "total_loss": 2.6193447408284776e-07}
{"data_time": 0.24242735450025066, "eta_seconds": 55841.515946256986, "fast_rcnn/cls_accuracy": 1.0, "iteration": 339, "loss_box_reg": 0.0, "loss_cls": 0.0, "loss_rpn_cls": 1.7369166016578674e-07, "loss_rpn_loc": 0.0, "lr": 0.01, "rank_data_time": 0.24242735450025066, "roi_head/num_bg_samples": 256.0, "roi_head/num_fg_samples": 0.0, "rpn/num_neg_anchors": 256.0, "rpn/num_pos_anchors": 0.0, "time": 37.258426271000644, "total_loss": 1.7369166016578674e-07}
{"data_time": 0.23109491650029668, "eta_seconds": 55769.30614555691, "fast_rcnn/cls_accuracy": 1.0, "iteration": 359, "loss_box_reg": 0.0, "loss_cls": 0.0,