{"data_time": 0.27413208299549296, "fast_rcnn/cls_accuracy": 0.9443359375, "fast_rcnn/false_negative": 1.0, "fast_rcnn/fg_cls_accuracy": 0.0, "iteration": 9, "loss_box_reg": 0.020850571803748608, "loss_cls": 0.7900222539901733, "loss_rpn_cls": 0.017509751953184605, "loss_rpn_loc": 1.223237693309784, "lr": 0.0009090999999999998, "rank_data_time": 0.27413208299549296, "roi_head/num_bg_samples": 253.875, "roi_head/num_fg_samples": 2.125, "rpn/num_neg_anchors": 128.0, "rpn/num_pos_anchors": 128.0, "time": 71.94924929199624, "total_loss": 1.8711592215113342}
{"eta_seconds": 143107.05684178052, "iteration": 10}
